{"cameraMode":{"drawMode":0,"name":"Shaded","section":"Shading Mode"},"sceneLighting":false,"audioPlay":false,"sceneViewState":{"m_AlwaysRefresh":false,"showFog":true,"showSkybox":false,"showFlares":true,"showImageEffects":true,"showParticleSystems":true,"showVisualEffectGraphs":true,"m_FxEnabled":true},"in2DMode":false,"pivot":{"x":-18.307218551635743,"y":-3.6732516288757326,"z":-0.13750949501991273},"rotation":{"x":-0.11181789636611939,"y":0.5671842694282532,"z":-0.07808513194322586,"w":-0.8122164011001587},"size":12.525444030761719,"orthographic":false}